<?xml version="1.0" encoding="UTF-8"?>
<project-private xmlns="http://www.netbeans.org/ns/project-private/1">
    <editor-bookmarks xmlns="http://www.netbeans.org/ns/editor-bookmarks/2" lastBookmarkId="0"/>
    <open-files xmlns="http://www.netbeans.org/ns/projectui-open-files/2">
        <group>
            <file>file:/C:/FACULDADE/APLICAÇÕES%20WEB/PROJETOS/CadastroPaciente/web/Formulario.jsp</file>
            <file>file:/C:/FACULDADE/APLICAÇÕES%20WEB/PROJETOS/CadastroPaciente/web/index.jsp</file>
            <file>file:/C:/FACULDADE/APLICAÇÕES%20WEB/PROJETOS/CadastroPaciente/web/Paginaerro.jsp</file>
            <file>file:/C:/FACULDADE/APLICAÇÕES%20WEB/PROJETOS/CadastroPaciente/src/java/Suporte/Informacoes.java</file>
        </group>
    </open-files>
</project-private>
